energy,mean,rms,stdev,stderr,median,m1,m2,m4,x1var,x2var,m1var,m2var,a,mu,sigma
total,-0.009133964596441035,0.12081321065069792,0.12046743360128857,0.0002876471127268757,0,-0.009133964596441035,0.014595831867729909,0.0020950998605173956,0.01451240255848087,0.0018820615526063556,8.274086146010794e-08,1.0730366219933395e-08,8165.332703796156,0.008041306144257233,0.060984585276800965
primary,0.0011479937137693606,0.07148464199654705,0.07147542341118131,0.00017091195901819254,0,0.0011479937137693606,0.0051100540413744995,0.0012968176708323578,0.0051087361518076455,0.00127070501852659,2.9210897735436323e-08,7.265678485852547e-09,16571.117295696164,0.0032809314012984987,0.03477423692804385
secondary,0.013810313355429508,0.31402104920659807,0.31371722074160596,0.000761138877625869,0,0.013810313355429508,0.09860921934481268,0.03547812331199437,0.09841849458983752,0.025754345172200988,5.793323910335675e-07,1.516008391542259e-07,2235.5264949341786,-0.006083941398716583,0.23851348144773798
