energy,mean,rms,stdev,stderr,median,m1,m2,m4,x1var,x2var,m1var,m2var,a,mu,sigma
primary,0.007436335364770242,0.07886967073276034,0.07851831555654197,0.0001879489441292873,0,0.007436335364770242,0.006220424961494033,0.0020521067482893508,0.0061651258778367005,0.0020134130615877726,3.532480559931396e-08,1.1536410837513074e-08,16969.852578224,0.003999413126374382,0.03301549044728214
total,-0.03933470258656705,0.13364982581356505,0.12773040793962334,0.00030497618498021364,0,-0.03933470258656705,0.01786227593999628,0.0026449715138990755,0.016315057112422593,0.0023259106121425056,9.301047340508549e-08,1.3259778721127847e-08,7254.49668418653,-0.0011958735866190668,0.0697338098196804
secondary,-0.05974206031004001,0.336478549451187,0.3311324515517717,0.0008071769761339433,0,-0.05974206031004001,0.11321781424077489,0.038620042210149565,0.10964870047068642,0.025801768748690956,6.515346708007364e-07,1.5331460232170547e-07,1907.6949762079294,-0.08621796222417005,0.30071329560361043
