energy,mean,rms,stdev,stderr,median,m1,m2,m4,x1var,x2var,m1var,m2var,a,mu,sigma
total,-0.01049459919753772,0.08146884600242997,0.08079007523607519,0.0001934629258821309,0,-0.01049459919753772,0.00663717286896765,0.00048287675920736796,0.00652703625665069,0.0004388246955148077,3.7427903690874874e-08,2.5163470517220227e-09,11254.297473145702,0.0008616424045889534,0.04975344415163566
primary,-0.0036059841374413096,0.045550850473464674,0.045407894217376545,0.00010876503535173511,0,-0.0036059841374413096,0.002074879978855937,0.00024290179946589812,0.0020618768572564583,0.0002385966725392409,1.1829832915064187e-08,1.3689269367838055e-09,20793.83280162092,-0.0009504634104435761,0.03013254887259131
secondary,0.008205884742506745,0.29564228791177666,0.29552838418213323,0.0007221013875830725,0,0.008205884742506745,0.08740436240170983,0.028642016166723037,0.08733702585730253,0.02100249359987361,5.214304139493986e-07,1.2539170900603796e-07,2570.1426214126004,-0.02127387997414043,0.2141484574869767
