energy,mean,rms,stdev,stderr,median,m1,m2,m4,x1var,x2var,m1var,m2var,a,mu,sigma
primary,0.0031663941283558913,0.05001727792878628,0.04991695142563661,0.00011956915062791587,0,0.0031663941283558913,0.0025017280914054513,0.00035321446536605165,0.0024917020396293646,0.0003469558219227245,1.4296781781881233e-08,1.990748329892718e-09,19995.121512890968,0.005444982370390499,0.030968017238735296
total,-0.01491545257329464,0.09270579853705745,0.09149805657459223,0.00021920372673786036,0,-0.01491545257329464,0.008594365082393482,0.001064049795667277,0.00837189435692728,0.0009901866844978127,4.805027381576656e-08,5.6831511830386604e-09,9678.929101146457,0.002660806370626433,0.06086279457211771
secondary,-0.027373025801960795,0.32064019412192735,0.3194696410380687,0.000792689655091691,0,-0.027373025801960795,0.10281013408654725,0.036168129370295336,0.10206085154499245,0.02559820569940151,6.283568892893841e-07,1.5760018323553669e-07,2260.088340750197,-0.057202793881913606,0.2459080532027352
