energy,mean,rms,stdev,stderr,median,m1,m2,m4,x1var,x2var,m1var,m2var,a,mu,sigma
primary,0.003599501395344291,0.05672889777222046,0.056614586743664874,0.00013790928410640447,0,0.003599501395344291,0.0032181678424510396,0.000548882611168173,0.003205211432155954,0.0005385260069059871,1.9018970642740985e-08,3.1954866418307306e-09,16971.453094814333,0.00452596535747015,0.03392149737944314
total,-0.031629556514476104,0.11184474534074049,0.10727916020846107,0.0002611834025943506,0,-0.031629556514476104,0.012509247060335092,0.0013078746780167576,0.011508818215032655,0.0011513934160002554,6.821676979076262e-08,6.824709377657533e-09,7918.833749078609,-0.002372192658138481,0.06853283730474108
secondary,-0.08116696733063228,0.3670793702484824,0.3579932785351849,0.0009166227834450152,0,-0.08116696733063228,0.13474726406202242,0.05028635246531272,0.1281591874763705,0.03212952729311232,8.401973271304872e-07,2.1063759442619955e-07,1714.4215926494055,-0.035000000000000274,0.3963315159982788
