energy,mean,rms,stdev,stderr,median,m1,m2,m4,x1var,x2var,m1var,m2var,a,mu,sigma
primary,0.0029587723461061226,0.049651312690112845,0.04956307615609909,0.00011872937661307088,0,0.0029587723461061226,0.0024652528518513605,0.00034630323592808827,0.002456498518055278,0.000340225764304527,1.4096664870928423e-08,1.952392213797572e-09,20039.448239963487,0.0062996416498656395,0.03136113758863203
total,-0.014832062915314064,0.09201138966318187,0.09080807088263716,0.0002175697530173464,0,-0.014832062915314064,0.008466095827749891,0.0009706885756008849,0.008246105737426056,0.0008990137970362408,4.733659742802911e-08,5.160769889161272e-09,9702.070560228603,0.003081064505228365,0.06093890756696976
secondary,-0.026456639738663256,0.3208917547438489,0.31979925652872465,0.0007936035909413949,0,-0.026456639738663256,0.10297151826258646,0.036410291360219754,0.10227156447632504,0.025807157786917577,6.298066595550769e-07,1.589251119958363e-07,2265.019558516467,-0.055655988122386105,0.24398566424646168
