energy,mean,rms,stdev,stderr,median,m1,m2,m4,x1var,x2var,m1var,m2var,a,mu,sigma
primary,0.003005860880988452,0.04986295308372061,0.04977227029776184,0.00011931136461909406,0,0.003005860880988452,0.0024863140902293226,0.00034382998401852647,0.002477278890593466,0.0003376482262632536,1.4235201727270409e-08,1.9402299159627507e-09,19955.80146593062,0.005794840139723141,0.0314327031203461
total,-0.0149017939906964,0.09216895716818561,0.0909563257906215,0.0002180807982271721,0,-0.0149017939906964,0.008495116665470833,0.001014291688838415,0.008273053201329678,0.0009421246816784547,4.755923455540055e-08,5.415984597944589e-09,9626.773458364283,0.0027719133406707507,0.06310880119474808
secondary,-0.026641495732231065,0.32175088713099553,0.3206460105392427,0.0007966030791777348,0,-0.026641495732231065,0.10352363336958262,0.036746109949005776,0.10281386407473213,0.026028967282966015,6.345764657554484e-07,1.606531396746534e-07,2265.514405745679,-0.05738098814097525,0.24427194083682932
