energy,mean,rms,stdev,stderr,median,m1,m2,m4,x1var,x2var,m1var,m2var,a,mu,sigma
primary,0.0028716548250834334,0.04951433498878048,0.04943099197817848,0.00011846133461765306,0,0.0028716548250834334,0.0024516693693811707,0.00032411040061589523,0.0024434229679467455,0.00031809971791913334,1.4033087799395568e-08,1.8269130351480978e-09,20040.45505433962,0.0058831038157060225,0.030998755857536
total,-0.01501639127996914,0.0922182618516188,0.09098744865013304,0.0002180974010478253,0,-0.01501639127996914,0.008504207818933731,0.001000194829947293,0.008278715811860599,0.0009278732793196794,4.7566476343815944e-08,5.331220855242667e-09,9693.49408594187,0.002829613912778134,0.061066216160586335
secondary,-0.027803895079521645,0.32100242723790784,0.31979603141852037,0.000794095353275682,0,-0.027803895079521645,0.10304255829262832,0.036475600971544724,0.10226950171103527,0.02585783215205502,6.305874300940302e-07,1.5943779574324182e-07,2275.8057476114573,-0.05529434659499547,0.2425121362997815
