energy,mean,rms,stdev,stderr,median,m1,m2,m4,x1var,x2var,m1var,m2var,a,mu,sigma
primary,0.007431511301785922,0.07952265447765715,0.07917465007781388,0.00018953844597584298,0,0.007431511301785922,0.006323852575172845,0.002108130027604459,0.006268625214944273,0.0020681389162119385,3.592482250293755e-08,1.185228354364012e-08,17062.62524965971,0.003719873258638893,0.032572878963762854
total,-0.03935261919684186,0.13395037469558482,0.12803934646598258,0.00030568805844739577,0,-0.03935261919684186,0.017942702881087572,0.0026737396698997985,0.016394074243435926,0.0023517990832208104,9.344518907733846e-08,1.3405106426882993e-08,7283.881870117694,-0.0016790302674440218,0.06920721750236541
secondary,-0.05998416304523698,0.3367509559883753,0.3313655180353669,0.0008078238435858904,0,-0.05998416304523698,0.11340120635908466,0.03852638391407635,0.10980310654284708,0.025666550310380645,6.525793622658811e-07,1.5254086665186857e-07,1903.8531020400624,-0.08675195200389667,0.3015025695638987
