energy,mean,rms,stdev,stderr,median,m1,m2,m4,x1var,x2var,m1var,m2var,a,mu,sigma
total,-0.012419031679244186,0.09510908263158951,0.09429477849368147,0.00022440828750906584,0,-0.012419031679244186,0.009045737599022522,0.0009305605569223758,0.008891505251172452,0.0008487351882120061,5.035907950275155e-08,4.807006419336617e-09,9854.559784651527,0.0018042807334585997,0.05775464641816226
primary,-0.0004420431851478129,0.059320652891762374,0.059319005869345284,0.00014131371262038895,0,-0.0004420431851478129,0.003518939859504956,0.0007917419370113858,0.00351874445732742,0.000779358999276573,1.9969565374557873e-08,4.423015275773788e-09,19320.910059164697,0.0012887211475563255,0.03217127691169711
secondary,0.0052094132101462316,0.2700283356395355,0.26997808070705215,0.0006485864124223642,0,0.0052094132101462316,0.07291530204825762,0.023292056567273282,0.07288816406226357,0.01797541529448464,4.2066433437891316e-07,1.037427160818528e-07,2968.42160558501,-0.018812251063715712,0.1915156462372677
