energy,mean,rms,stdev,stderr,median,m1,m2,m4,x1var,x2var,m1var,m2var,a,mu,sigma
total,-0.008870347782526612,0.08079493252349162,0.08030652558598579,0.00019235316587861762,0,-0.008870347782526612,0.006527821121475565,0.0004390682420646506,0.00644913805169259,0.00039645579347066806,3.699974042352699e-08,2.2745305388474817e-09,11147.328041453618,0.002909774032781564,0.05106453868360629
primary,-0.0019207947583693673,0.045094855650849565,0.04505392939208721,0.00010794789865465526,0,-0.0019207947583693673,0.002033546006170959,0.0002252892601448691,0.00202985655366718,0.00022115395078565523,1.1652748823955722e-08,1.269573180072726e-09,20482.41991296968,0.0009155371719487167,0.030734693317398344
secondary,0.01173779282387101,0.29566292813464784,0.29542984157457386,0.00072173619860926,0,0.01173779282387101,0.08741656707315393,0.028570723565085034,0.08727879129277781,0.020929067366229813,5.209031403829452e-07,1.2491026462298697e-07,2576.995132929463,-0.02004124316834283,0.2128790377957733
