energy,mean,rms,stdev,stderr,median,m1,m2,m4,x1var,x2var,m1var,m2var,a,mu,sigma
primary,0.0029195590960805914,0.05019602713265949,0.05011104982523496,0.00012006653141728412,0,0.0029195590960805914,0.002519641139902688,0.00035733040889349973,0.002511117314587181,0.00035098181741960964,1.4415971966577676e-08,2.0149373393697382e-09,19998.211566213784,0.006164081443564894,0.031224434899097864
total,-0.014659199470457053,0.09173580677742764,0.09055697718006542,0.00021703094542720842,0,-0.014659199470457053,0.008415458245105539,0.0009711952587897119,0.00820056611599089,0.0009003753213145971,4.7102431273027924e-08,5.171577924291484e-09,9644.700449030028,0.002839134736631634,0.061802639421306524
secondary,-0.026503946910349085,0.32085929890858883,0.31976277221447236,0.0007936858117307425,0,-0.026503946910349085,0.10295068969611114,0.03634859255295182,0.10224823049428454,0.02574974804404686,6.299371677426876e-07,1.5864062658630942e-07,2272.6158644390503,-0.055930051561188125,0.2421929661596176
