energy,mean,rms,stdev,stderr,median,m1,m2,m4,x1var,x2var,m1var,m2var,a,mu,sigma
total,-0.011486691930543212,0.09475561559201334,0.09405680514834742,0.00022377764688489492,0,-0.011486691930543212,0.0089786266862214,0.0009226921951983529,0.008846682594714194,0.0008420764580278258,5.0076435245340725e-08,4.766553651111138e-09,10228.747954547041,0.004340211217895714,0.053504873165693106
primary,-0.0005536330526276708,0.05856845066435763,0.05856583392786559,0.0001394679850288521,0,-0.0005536330526276708,0.003430263413223294,0.0007782632766854476,0.003429956903666332,0.0007664965696013494,1.9451318848008116e-08,4.346809476026782e-09,19838.862750747405,0.0010220604300652555,0.03140227335738964
secondary,0.01005580957949944,0.27057367094741036,0.2703867454289473,0.0006493329454050023,0,0.01005580957949944,0.07321011140995749,0.023480530302274667,0.07310899210365834,0.018120809889616278,4.2163327398833563e-07,1.0450611041451908e-07,2956.1514386872527,-0.013243157119562038,0.1917589794840093
