energy,mean,rms,stdev,stderr,median,m1,m2,m4,x1var,x2var,m1var,m2var,a,mu,sigma
total,-0.010597035542411296,0.10453965146129081,0.10400116136544356,0.00025280313392441085,0,-0.010597035542411296,0.01092853872764816,0.0011477538841057643,0.010816241565361031,0.0010283209253840588,6.390942452200361e-08,6.0759921242601975e-09,8723.399270230873,0.005353327975998151,0.059354902098822
primary,-0.00025614022613935927,0.055988383406909835,0.05598779749823786,0.00013614878642406934,0,-0.00025614022613935927,0.0031346990765191364,0.0005610457139480527,0.0031346334687036895,0.0005512193756477228,1.8536492044746844e-08,3.259607119498344e-09,16888.112991303984,0.0025588648352480726,0.03436646893535726
secondary,-0.0033536812611213453,0.3489946608500845,0.34897854679602347,0.0008784748382710401,0,-0.0033536812611213453,0.12179727330186553,0.04535833054782419,0.12178602612386433,0.030523754764054865,7.717180414753301e-07,1.9341900704627623e-07,1839.1494138416615,-0.037665532591437866,0.2884576954065329
