energy,mean,rms,stdev,stderr,median,m1,m2,m4,x1var,x2var,m1var,m2var,a,mu,sigma
primary,0.00357567822554185,0.057235766311203966,0.057123965815217496,0.00013892438599846018,0,0.00357567822554185,0.003275932945230751,0.000593653996872859,0.003263147470458137,0.0005829222602112108,1.929998502504916e-08,3.447711448745727e-09,17035.928326729623,0.0041867104909299535,0.03346836503244197
total,-0.031800184043065706,0.11187370005658141,0.10725890666595989,0.0002607151865967478,0,-0.031800184043065706,0.012515724764349945,0.0013198934193612716,0.011504473059177095,0.001163250052984309,6.797240852217702e-08,6.872883912907286e-09,7921.977115060717,-0.002327872627365772,0.06889627300653361
secondary,-0.08261079017284675,0.3670516155253703,0.35763437447594737,0.0009138906496055345,0,-0.08261079017284675,0.13472688845978426,0.05026779057108614,0.12790234580680215,0.032116456097030996,8.351961194364259e-07,2.0971890181598288e-07,1701.8902618935183,-0.041671225909693466,0.39321752895168116
