energy,mean,rms,stdev,stderr,median,m1,m2,m4,x1var,x2var,m1var,m2var,a,mu,sigma
primary,0.0036663460181775506,0.05695031256212477,0.05683217405483183,0.00013850375731522445,0,0.0036663460181775506,0.003243338100923707,0.0005585267524409847,0.003229896007798701,0.0005480075104040813,1.918329079043459e-08,3.254775820038966e-09,17092.396378714377,0.00445609510759178,0.03346185159341931
total,-0.03145522856499945,0.11190238960900527,0.10739047162634704,0.00026158383616798166,0,-0.03145522856499945,0.012522144800205609,0.0013482932617618303,0.011532713396129251,0.0011914891513645138,6.842610334435748e-08,7.0693649451405554e-09,7894.967955002854,-0.0019706583379138576,0.06969486982682747
secondary,-0.0815144100934341,0.36709746962309503,0.3579328891716974,0.0009170117880099314,0,-0.0815144100934341,0.1347605522036792,0.05042099716965882,0.12811595315079863,0.03226059073941827,8.409106193491714e-07,2.1174781650590445e-07,1708.7023244392058,-0.03258032547348349,0.39803024281723637
