energy,mean,rms,stdev,stderr,median,m1,m2,m4,x1var,x2var,m1var,m2var,a,mu,sigma
primary,0.008093368457597673,0.06745716357784451,0.06696989103304286,0.00015967191085971313,0,0.008093368457597673,0.004550468917968072,0.0013337780224330232,0.004484966304977634,0.0013130712550596297,2.5495119117592177e-08,7.464249624456981e-09,19930.319851178807,0.007037595837461106,0.031008410191747073
total,-0.020498765068901796,0.10705905762673389,0.1050782682126723,0.0002502455244520323,0,-0.020498765068901796,0.011461641819924326,0.0014541972604317013,0.011041442450574299,0.0013228280272234631,6.26228225082727e-08,7.502572705387305e-09,8605.661870330518,0.0033053769737631904,0.0671405706258996
secondary,-0.021913111475446594,0.29816963530338375,0.2973633248442341,0.0007184494335921859,0,-0.021913111475446594,0.08890513141695286,0.029026677526745807,0.08842494696241751,0.02112255513448015,5.161695886289328e-07,1.233002785875631e-07,2478.5381074777924,-0.04948458916729836,0.23888385835246678
