energy,mean,rms,stdev,stderr,median,m1,m2,m4,x1var,x2var,m1var,m2var,a,mu,sigma
primary,0.008059066330806098,0.06796489975890996,0.06748539878458411,0.00016085505072268116,0,0.008059066330806098,0.0046192275992386796,0.0013532628543106743,0.004554279049114347,0.001331925590697106,2.5874347342996326e-08,7.567104474071325e-09,19850.368794284223,0.00697254001102911,0.030979472198469714
total,-0.02064882519450212,0.10753677917425705,0.10553570435288628,0.0002512715035548268,0,-0.02064882519450212,0.011564158875172925,0.0015200812925868661,0.01113778489325982,0.0013863515220966253,6.313736849870333e-08,7.85888646245298e-09,8651.764580242048,0.0022867374499697013,0.06596580598947503
secondary,-0.023280451779138813,0.297932703572391,0.2970217440237556,0.0007178719512670494,0,-0.023280451779138813,0.08876389585795419,0.028952586236173545,0.08822191642291338,0.021073557028291806,5.153401384159609e-07,1.2309922790405315e-07,2478.328807744243,-0.050168865376679396,0.2393109100947086
