energy,mean,rms,stdev,stderr,median,m1,m2,m4,x1var,x2var,m1var,m2var,a,mu,sigma
primary,0.008118336597174914,0.06762044214933,0.06713133997892382,0.00016002060052564275,0,0.008118336597174914,0.004572524196470885,0.0013183281145549292,0.004506616807365855,0.0012974201370276176,2.5606592592587335e-08,7.37194003625611e-09,19885.605281741457,0.007040985117854563,0.031193652273209874
total,-0.0207670077538387,0.10761473445934681,0.10559196210748112,0.0002513870196185046,0,-0.0207670077538387,0.011580931072755726,0.0015277523669016769,0.011149662461707729,0.0013936344023897577,6.319543363267444e-08,7.899013148326687e-09,8630.318186700844,0.0026236981313184676,0.06669801968090494
secondary,-0.02375297958837365,0.29752078240979224,0.2965710908473873,0.000716740184665765,0,-0.02375297958837365,0.08851861596573495,0.028757496962999764,0.08795441192640925,0.020921951590510496,5.137164923147149e-07,1.22199118248304e-07,2488.002098769376,-0.05023586516018477,0.2382824873184586
