energy,mean,rms,stdev,stderr,median,m1,m2,m4,x1var,x2var,m1var,m2var,a,mu,sigma
primary,0.0075475111975735806,0.0786769944404895,0.07831414003174214,0.00018735432940278696,0,0.0075475111975735806,0.006190069454188816,0.0020562559110593828,0.006133104528911318,0.0020179389512117014,3.5101644745968005e-08,1.1549285659583874e-08,16954.447148208495,0.003885373197567025,0.033122977172852223
total,-0.03854873750946033,0.13352562759471712,0.1278400878480213,0.00030506485835679294,0,-0.03854873750946033,0.01782909322456308,0.002660996736897322,0.016343088060989806,0.0023431201716871608,9.306456780425014e-08,1.3342733348661851e-08,7289.223144707298,-0.0010329089573067698,0.06902934602454046
secondary,-0.05673133805441891,0.33625364573712596,0.3314333561276895,0.0008078591610017659,0,-0.05673133805441891,0.1130665142715086,0.038472568882443874,0.10984806955406384,0.025688532232934616,6.526364240144772e-07,1.5262236180155838e-07,1901.991027829257,-0.08266686135355626,0.30193313662176435
