energy,mean,rms,stdev,stderr,median,m1,m2,m4,x1var,x2var,m1var,m2var,a,mu,sigma
total,-0.0087903386845778,0.08078515753306342,0.08030548937309509,0.00019230274990285728,0,-0.0087903386845778,0.006526241677641874,0.00046182952811055537,0.006448971623452289,0.0004192376976755655,3.698034762020088e-08,2.4040353564520217e-09,11378.705271041536,0.002312144918514837,0.04925588542666491
primary,-0.0007581009641440251,0.04595027824599649,0.045944024136036044,0.00011005316014819737,0,-0.0007581009641440251,0.0021114280708844986,0.00027091836287477746,0.0021108533538126625,0.0002664602343762584,1.2111698058604776e-08,1.5289010473234055e-09,20997.542763640206,0.0018752843197423967,0.029119678627173344
secondary,0.008587246776543838,0.292889676271447,0.2927637642523264,0.0007143533602972655,0,0.008587246776543838,0.08578436246639302,0.02770887997147595,0.08571062165919176,0.020349923127710452,5.103007233679948e-07,1.2115861828473941e-07,2598.595257749576,-0.02371628025885138,0.21357930966953517
