energy,mean,rms,stdev,stderr,median,m1,m2,m4,x1var,x2var,m1var,m2var,a,mu,sigma
primary,0.003500626808598094,0.057055425662019384,0.05694793419801235,0.0001387021091763578,0,0.003500626808598094,0.0032553215974742197,0.0005935162235107379,0.003243067209421144,0.0005829191048077558,1.9238275089970276e-08,3.4579480995376824e-09,17214.663084206262,0.0038090396882656803,0.03267940316304454
total,-0.03184139996238376,0.11169501280392446,0.1070602686980766,0.0002606212816282168,0,-0.03184139996238376,0.012475775885268851,0.001346893320580366,0.011461901133704358,0.00119124833664091,6.792345243753428e-08,7.0593611645444605e-09,7943.5170560728075,-0.003190429574570569,0.06844692104461554
secondary,-0.08280453138202246,0.36723006232025224,0.357772732687023,0.0009153686133051507,0,-0.08280453138202246,0.13485791867173633,0.050312863530989745,0.12800132825434,0.0321262053025171,8.378996982241944e-07,2.1029889373163514e-07,1748.2925923679795,-0.018507681351863505,0.40460125353186066
