energy,mean,rms,stdev,stderr,median,m1,m2,m4,x1var,x2var,m1var,m2var,a,mu,sigma
total,-0.009444909769216244,0.1039986630818743,0.10356889302425014,0.0002520302636472356,0,-0.009444909769216244,0.010815721922817205,0.0011463518338524872,0.010726515602268569,0.0010293719931407784,6.351925379409507e-08,6.095636579973298e-09,8819.353966421908,0.0050168857245798905,0.058561555198573076
primary,-0.0009339102298435567,0.05581083024337891,0.055803015905395756,0.00013585228595051844,0,-0.0009339102298435567,0.0031148487724552585,0.0005668655497182781,0.003113976584137852,0.000557163266843012,1.8455843597981428e-08,3.3021822205647673e-09,16943.448478074508,0.0020640218238276724,0.03502675824147388
secondary,0.005293984625304518,0.34335059669194357,0.3433097813571596,0.0008633237127157842,0,0.005293984625304518,0.1178896322487137,0.04345272258838789,0.11786160597550073,0.029554757196650936,7.45327832937366e-07,1.8689702174046996e-07,1894.5010743672972,-0.031645612997635866,0.2774237996437872
