energy,mean,rms,stdev,stderr,median,m1,m2,m4,x1var,x2var,m1var,m2var,a,mu,sigma
primary,0.003566336632513865,0.0570791048175722,0.05696758244650184,0.0001386988015708049,0,0.003566336632513865,0.0032580242067753945,0.0005637527235754663,0.003245305449798984,0.0005531380018435318,1.9237357557177512e-08,3.2788634797337303e-09,17066.524362847653,0.00425593559493237,0.03356623835865563
total,-0.03163764441453667,0.11181783820283338,0.107248722119447,0.0002609755652010915,0,-0.03163764441453667,0.012503228940355023,0.0013449335237076083,0.01150228839625436,0.001188602789772677,6.810824563202915e-08,7.038047384650395e-09,7952.9450527676845,-0.001689377216164552,0.0685940251244891
secondary,-0.08158284103825317,0.3660500531626142,0.35684293669411443,0.0009131277945946612,0,-0.08158284103825317,0.13399264142035267,0.04989127166615162,0.12733688146847977,0.031937243711348415,8.338023692613099e-07,2.0912518955311348e-07,1692.1879660247691,-0.04945233490857477,0.38698854377092806
