energy,mean,rms,stdev,stderr,median,m1,m2,m4,x1var,x2var,m1var,m2var,a,mu,sigma
primary,0.0029748890308618787,0.0491441113440968,0.04905398775894821,0.00011758009780328546,0,0.0029748890308618787,0.0024151436798009835,0.00030639208825665584,0.002406293715055041,0.0003005591692625732,1.3825079399430174e-08,1.7268275910311308e-09,19954.272302277288,0.005864296787854356,0.0315013993390528
total,-0.014553654320154201,0.09143844402221735,0.09027280981078208,0.00021642417842427983,0,-0.014553654320154201,0.008360989045204175,0.0009549368282799024,0.008149180191133632,0.0008850306904658782,4.683942500662451e-08,5.086932388578207e-09,9727.815892447841,0.0030956905683686593,0.060767421581707406
secondary,-0.025435337804418232,0.3205886282322428,0.31957802199557833,0.0007935425450861064,0,-0.025435337804418232,0.1027770685518312,0.036226623643620094,0.10213011214260634,0.025663497823512283,6.297097708617352e-07,1.5823497100824924e-07,2266.823586520805,-0.05605345896131905,0.24526266941841596
