energy,mean,rms,stdev,stderr,median,m1,m2,m4,x1var,x2var,m1var,m2var,a,mu,sigma
primary,0.0029278814580302763,0.04987386549951463,0.04978784962248719,0.00011926287725709872,0,0.0029278814580302763,0.0024874024598636755,0.00034787366009075854,0.0024788299700313978,0.00034168648909342267,1.4223633891641796e-08,1.960611895669368e-09,19984.126029944557,0.005999718751156747,0.03131196586777908
total,-0.014414104456818337,0.09202471464026508,0.09088884253487967,0.00021775334947699557,0,-0.014414104456818337,0.00846854810462222,0.0010492719047953962,0.00826078169733015,0.0009775555977950957,4.741652120845057e-08,5.611125851476211e-09,9743.71391518035,0.0026309739976197503,0.06007456397828302
secondary,-0.024909258876901475,0.3208538508496239,0.3198854833018157,0.0007934456168692217,0,-0.024909258876901475,0.1029471936050327,0.03649895881531915,0.1023267224272362,0.025900834144167065,6.295559469289797e-07,1.5935255013641862e-07,2266.368171559787,-0.05523777051729724,0.24436158207544478
