energy,mean,rms,stdev,stderr,median,m1,m2,m4,x1var,x2var,m1var,m2var,a,mu,sigma
primary,0.0034752440448278486,0.05654972472109601,0.05644283873850274,0.00013744808099132346,0,0.0034752440448278486,0.003197871366031737,0.0005281074829730355,0.0031857940448606257,0.0005178811016993498,1.8891974968197417e-08,3.0710700918001886e-09,17022.398980392096,0.004630832860905855,0.033994980779456896
total,-0.03163269832212754,0.11139817045763772,0.10681256844664948,0.0002599741898566441,0,-0.03163269832212754,0.012409552381308909,0.0012697279164085844,0.011408924778170178,0.001115730926104135,6.758657939161842e-08,6.609600666410516e-09,7901.029950693867,-0.0024002638979305603,0.06937628934803433
secondary,-0.08183988535412598,0.3672416744411457,0.3580065371072991,0.0009158447834738467,0,-0.08183988535412598,0.13486644744633644,0.05029333802339429,0.12816868061155995,0.032104379376598866,8.387716674162572e-07,2.1010003140069139e-07,1688.3256479426807,-0.0525553628530544,0.3870038855479114
