energy,mean,rms,stdev,stderr,median,m1,m2,m4,x1var,x2var,m1var,m2var,a,mu,sigma
total,-0.009725074093442174,0.10387629479434553,0.10342005392610679,0.00025171856794512637,0,-0.009725074093442174,0.010790284620201776,0.0011282978417828482,0.010695707554078835,0.0010118675995978853,6.336223744834521e-08,5.994385578311572e-09,8810.95617100752,0.005372860825732506,0.058731559824718026
primary,-0.0014939078072545126,0.05442218522551623,0.05440167721848124,0.00013246649461876625,0,-0.0014939078072545126,0.002961774244720397,0.000492182257998933,0.002959542484183821,0.0004834101513222439,1.754737219658363e-08,2.8661787739795e-09,17370.740286407367,0.0017618121630840187,0.03334614586297874
secondary,0.0061455781195088035,0.34662485297327245,0.34657036885504183,0.0008733451308866324,0,0.0061455781195088035,0.12014878869874274,0.0444817802520109,0.12011102056831975,0.030046048826235766,7.627317176433891e-07,1.907990983774598e-07,1858.2346585027144,-0.026815894487316527,0.2848444803202123
