energy,mean,rms,stdev,stderr,median,m1,m2,m4,x1var,x2var,m1var,m2var,a,mu,sigma
primary,0.007470792114460449,0.07911203251124616,0.07875849765735113,0.00018851211025977437,0,0.007470792114460449,0.006258713688060468,0.0020713440752242536,0.006202900953242984,0.002032172578195138,3.553681571459333e-08,1.1642446486883587e-08,17039.129011607525,0.003874617831666922,0.03296824772511069
total,-0.03916719840779142,0.13413617969199285,0.12829047225436227,0.000306268705873884,0,-0.03916719840779142,0.017992514702362596,0.0026791016963366855,0.016458445271247298,0.0023553711110219514,9.380052019766365e-08,1.342380959022775e-08,7285.664234657675,-0.0005323815906867324,0.0699257266468006
secondary,-0.05840721132778253,0.33697160884433847,0.33187115396197603,0.0008090823457117159,0,-0.05840721132778253,0.11354986516714184,0.038890597452416124,0.1101384628320536,0.025997025572940032,6.546142421423726e-07,1.5451480577985025e-07,1905.7612214385117,-0.08363459936878936,0.30167623750943295
