energy,mean,rms,stdev,stderr,median,m1,m2,m4,x1var,x2var,m1var,m2var,a,mu,sigma
total,-0.01206419815836863,0.12166938023650113,0.12106978652797694,0.000289040713438125,0,-0.01206419815836863,0.014803438087134291,0.002150046941667325,0.014657893209929907,0.0019309051624677067,8.354453402482028e-08,1.100544053187681e-08,8262.02247698979,0.0052733224525489605,0.058899365636879364
primary,-0.0008282814420427659,0.07173714858200425,0.07173236672889946,0.00017151231573710198,0,-0.0008282814420427659,0.005146218486676555,0.001349825383534554,0.005145532436529323,0.0013233418188219423,2.941647444950336e-08,7.565407716600085e-09,16764.25198898787,0.0012268410089945599,0.03389142195590628
secondary,0.011519958220915982,0.31463362025662095,0.31442265433390115,0.0007635321489458098,0,0.011519958220915982,0.09899431499578755,0.03580105013471414,0.0988616055583759,0.02600117573322893,5.829813424738063e-07,1.5332747479914764e-07,2245.1290669234118,-0.010307141381277536,0.2359239832184582
