energy,mean,rms,stdev,stderr,median,m1,m2,m4,x1var,x2var,m1var,m2var,a,mu,sigma
total,-0.009313327141979827,0.08117542221619085,0.08063938931764869,0.00019309892153359545,0,-0.009313327141979827,0.006589449171976853,0.0004583366990011569,0.0065027111095233145,0.0004149158586110905,3.7287193497437655e-08,2.3791688796584614e-09,11215.038290074586,0.0026345557055894755,0.05052239219674504
primary,-0.0019029087425026373,0.044930652567914106,0.044890338364689496,0.00010752949384992326,0,-0.0019029087425026373,0.0020187635401786065,0.00022299567563772703,0.0020151424784963135,0.00021892026940657257,1.1562592047620683e-08,1.2561324040929567e-09,20603.700275576528,0.0014348821230486355,0.03131474470883611
secondary,0.010812807509771072,0.2963783659859041,0.29618105783157567,0.0007230553007055404,0,0.010812807509771072,0.08784013582447453,0.028808949254901923,0.08772321901823117,0.02109305979323979,5.228089678783795e-07,1.257094865341046e-07,2567.928886140228,-0.020723943810984913,0.21540125502990426
