energy,mean,rms,stdev,stderr,median,m1,m2,m4,x1var,x2var,m1var,m2var,a,mu,sigma
primary,0.0074812750442016926,0.07771735703783747,0.07735643547022905,0.0001884479414910158,0,0.0074812750442016926,0.006039987584946706,0.0019196333524882892,0.00598401810865971,0.0018831519024619789,3.551262665220131e-08,1.1175713246043897e-08,17093.37436107302,0.003941851471781613,0.03275338971594814
total,-0.03881693978255595,0.13364297999633964,0.12788155179000396,0.00031065432266712316,0,-0.03881693978255595,0.01786044610230204,0.0026548460993955293,0.016353691288219466,0.002335850564422293,9.650610819176907e-08,1.3784279238065893e-08,7215.097822658603,-0.002278664216610971,0.0721929809958025
secondary,-0.05963749217846822,0.3361061667473966,0.33077292037331574,0.0008206543659915241,0,-0.05963749217846822,0.11296735532562875,0.038392224443230906,0.10941072485229189,0.025630601073964043,6.734735884209503e-07,1.5776819778839843e-07,1907.9040144549742,-0.0846015194008467,0.3014138284077625
