energy,mean,rms,stdev,stderr,median,m1,m2,m4,x1var,x2var,m1var,m2var,a,mu,sigma
total,-0.010368907629772108,0.09434522463301216,0.09377370188714305,0.0002231666970831383,0,-0.010368907629772108,0.008901021411053525,0.0009074949159886554,0.008793507165618778,0.0008282667338286221,4.980337468699721e-08,4.691015508229197e-09,10154.893093587336,0.0037694217657219383,0.05462399856686937
primary,-0.0014970086847721881,0.05828647796664826,0.05826725048219016,0.00013880984383367225,0,-0.0014970086847721881,0.003397313513756573,0.0007483426989402257,0.00339507247875429,0.0007368009598294726,1.926817274512848e-08,4.181592075459844e-09,19826.749807531425,0.0005640905118810029,0.03181916019558205
secondary,0.010751681068179149,0.270823981826613,0.27061047741473304,0.0006503438149862942,0,0.010751681068179149,0.0733456291324216,0.023500458578668882,0.07323003048662975,0.01812087726583815,4.229470776909273e-07,1.0465886786953504e-07,2947.6759415236857,-0.01205250839496403,0.19382075866415827
