energy,mean,rms,stdev,stderr,median,m1,m2,m4,x1var,x2var,m1var,m2var,a,mu,sigma
total,-0.009601248500340687,0.12021147454165694,0.11982743691957255,0.0002861005452768475,0,-0.009601248500340687,0.014450798611479434,0.0020814415622591592,0.01435861463871414,0.0018726159817496232,8.185352200770946e-08,1.067513944282984e-08,8299.099053316892,0.007366487961912139,0.05907845057742929
primary,0.0010981879195218062,0.07110831069878201,0.07109983005414242,0.00017000832803915755,0,0.0010981879195218062,0.005056391850434517,0.0012733549669400987,0.005055185833727933,0.0012477878683949581,2.89028316026698e-08,7.134179399588569e-09,16680.825375230554,0.0033064137429146467,0.034381614462044664
secondary,0.013327400489800644,0.31315609795421445,0.312872373472146,0.0007590224932056694,0,0.013327400489800644,0.09806674168590956,0.03519863094727694,0.09788912208209402,0.025581545122386026,5.761151451921504e-07,1.5055723525708122e-07,2258.039772046002,-0.008502067187928614,0.23407764712203483
