energy,mean,rms,stdev,stderr,median,m1,m2,m4,x1var,x2var,m1var,m2var,a,mu,sigma
total,-0.010623891479423194,0.09415987539334963,0.09355861833056626,0.00022256172287230173,0,-0.010623891479423194,0.00886608213409113,0.0008903275752040629,0.008753215063924569,0.000811720162795613,4.9533720487887234e-08,4.593457302792795e-09,10100.620334651187,0.003754748703724162,0.056132419066375075
primary,-0.0014581097013500707,0.05843547426931672,0.05841727971395797,0.00013912418337836947,0,-0.0014581097013500707,0.0034147046530799766,0.0007488810863399899,0.0034125785691788055,0.0007372208784722239,1.9355538400698173e-08,4.181385639569114e-09,19832.976960393957,-0.00034398246752566434,0.030893727021959215
secondary,0.010233521048760498,0.27111419317670465,0.27092098624654404,0.0006506189355394629,0,0.010233521048760498,0.07350290574185554,0.023641440689974973,0.07339818078880012,0.018238763537478872,4.233049992825038e-07,1.051873452880502e-07,2951.67242464852,-0.012518628632076147,0.19293016666352908
