energy,mean,rms,stdev,stderr,median,m1,m2,m4,x1var,x2var,m1var,m2var,a,mu,sigma
total,-0.008672794740291385,0.09428499151017446,0.09388526111944538,0.00022335324397551004,0,-0.008672794740291385,0.008889659624073669,0.0009003976737049096,0.008814442255466444,0.0008213716254730241,4.988667159438372e-08,4.648677176540144e-09,10098.042660413908,0.00653287101567853,0.05477085276900472
primary,0.0011345788016307143,0.05900017045286185,0.05898926041585572,0.00014048098476232673,0,0.0011345788016307143,0.003481020113466752,0.0007568197028988834,0.003479732844409642,0.0007447022018685233,1.973490707979308e-08,4.2234934154797125e-09,19568.879363849952,0.0024160547959016644,0.032109334994061274
secondary,0.01340385750516312,0.2702051362323005,0.2698724740507957,0.0006481317717853136,0,0.01340385750516312,0.07301081564631609,0.02314577202575137,0.07283115225029738,0.017815192824411012,4.2007479359756994e-07,1.0275429150010198e-07,2919.2960782994055,-0.008357904900917142,0.19809464789114087
