energy,mean,rms,stdev,stderr,median,m1,m2,m4,x1var,x2var,m1var,m2var,a,mu,sigma
primary,0.007435285402563523,0.0775724230495805,0.07721526629343134,0.00018483508014415553,0,0.007435285402563523,0.006017480817783088,0.0019409320312031588,0.005962197348765514,0.0019047219558107713,3.4164006851896395e-08,1.091425361200937e-08,17156.990818848815,0.003597372341046481,0.03229783059825713
total,-0.03902377475761485,0.13330050470776572,0.12746046272869094,0.00030432564096106687,0,-0.03902377475761485,0.01776902455534507,0.0026301861927776234,0.01624616955901201,0.0023144479591291674,9.261409574636418e-08,1.3193910361957426e-08,7297.2111778580065,-0.0014645122376330457,0.06971672136034494
secondary,-0.05905221898099467,0.3361018599089912,0.33087353425093374,0.0008064802779094904,0,-0.05905221898099467,0.11296446023428316,0.03849034554410077,0.10947729566770381,0.025729376268077822,6.504104386569688e-07,1.5285959342369362e-07,1908.7261150553607,-0.0842676271499355,0.30095241488423763
