energy,mean,rms,stdev,stderr,median,m1,m2,m4,x1var,x2var,m1var,m2var,a,mu,sigma
total,-0.011287056081876978,0.12081976508982628,0.12029138789358684,0.0002872134961533074,0,-0.011287056081876978,0.014597415636360807,0.002113408348793112,0.01447001800136537,0.0019003238055324409,8.249159237260591e-08,1.0833485951928299e-08,8286.580076736283,0.00548740178522169,0.059533611827612125
primary,-0.0018741701905905521,0.06996031931506794,0.06993521119409714,0.0001672331699987287,0,-0.0018741701905905521,0.004894446278666268,0.0011963824411112987,0.00489093376476297,0.0011724268367365486,2.7966933147823694e-08,6.704074219928539e-09,16864.711288130053,0.00028256525437922567,0.0332531366695989
secondary,0.012861763773229666,0.31520147178397745,0.3149389509848332,0.000765507174400426,0,0.012861763773229666,0.09935196781478552,0.03597449979111943,0.09918654284742716,0.026103686282449252,5.860012340585243e-07,1.542224573601884e-07,2229.7096339211575,-0.009585701017195802,0.23823975610679693
