energy,mean,rms,stdev,stderr,median,m1,m2,m4,x1var,x2var,m1var,m2var,a,mu,sigma
total,-0.00850525077495847,0.09440353247595258,0.09401961313041711,0.00022375406406961284,0,-0.00850525077495847,0.008912026943938233,0.0009087970460240956,0.008839687653193302,0.0008293728217746146,5.0065881187668406e-08,4.697369724398465e-09,10159.168976728428,0.006633727196592883,0.05430604587654937
primary,0.0011029288019431367,0.05902439801924491,0.059014092466054976,0.00014058873111336422,0,0.0011029288019431367,0.0034838795615342423,0.0007768208742033116,0.0034826631095920867,0.0007646834574040356,1.976519131606582e-08,4.339815352852691e-09,19706.36603649877,0.002672731022637873,0.03162539023703323
secondary,0.013663149757978903,0.2702896461357997,0.26994408892751637,0.000648630043210248,0,0.013663149757978903,0.07305649280821581,0.023355874911345876,0.07286981114690685,0.018018623769908988,4.207209329549282e-07,1.040322745966351e-07,2938.4866028284728,-0.007507361176909781,0.1953175907346247
