energy,mean,rms,stdev,stderr,median,m1,m2,m4,x1var,x2var,m1var,m2var,a,mu,sigma
total,-0.01062389383387822,0.09420077555965875,0.09359978096046852,0.00022275459959277905,0,-0.01062389383387822,0.0088737861160412,0.000927029496194488,0.008760918995847685,0.0008482854161612423,4.961961163973932e-08,4.804472330987785e-09,10197.195040351477,0.005302126751725801,0.054148451830335446
primary,-0.0012951770494233432,0.05881689399140711,0.058802632043192325,0.00014008655233604847,0,-0.0012951770494233432,0.0034594270187964216,0.0007731947466173517,0.0034577495352070687,0.000761227111318973,1.9624242145400447e-08,4.320297062601623e-09,19908.66245353271,0.0009443257843361373,0.03188162650404609
secondary,0.014519035702120407,0.2708595637955178,0.2704701478939565,0.0006505273594449772,0,0.014519035702120407,0.07336490329949817,0.023605851020231806,0.07315410090177872,0.01822344198408709,4.2318584538645453e-07,1.0541996425110039e-07,2944.2227119751446,-0.010754071740744112,0.19434148396799222
