energy,mean,rms,stdev,stderr,median,m1,m2,m4,x1var,x2var,m1var,m2var,a,mu,sigma
primary,0.007503605158602674,0.07895289974012651,0.07859552332670265,0.00018804418173500354,0,0.007503605158602674,0.006233560377374469,0.0020698671968362317,0.006177256286998261,0.002031009921857859,3.5360614284387035e-08,1.1626158138482788e-08,16978.5623130993,0.003956536519424836,0.0331838105956228
total,-0.03958504698834289,0.1345919923481617,0.12863914046346198,0.00030698562900889696,0,-0.03958504698834289,0.018115004404247615,0.0027268677122881248,0.0165480284591783,0.002398714327722214,9.424017641798812e-08,1.366055551442544e-08,7227.0033909035665,-0.0014753982873223054,0.07054991047211305
secondary,-0.059548695579042424,0.33683153583866327,0.33152592114383334,0.0008073079995675317,0,-0.059548695579042424,0.11345548353543268,0.03852094173698802,0.1099094363902672,0.025648794992729186,6.517462061657297e-07,1.5209344509671333e-07,1898.4724086041592,-0.08395350611130874,0.3040256861285652
