energy,mean,rms,stdev,stderr,median,m1,m2,m4,x1var,x2var,m1var,m2var,a,mu,sigma
total,-0.010392814658811334,0.0813330368668137,0.08066630206874537,0.00019316533679046417,0,-0.010392814658811334,0.006615062885978476,0.0004923107771172369,0.006507052289446072,0.00044855172013178704,3.7312847337373453e-08,2.572092725202057e-09,11313.499073048075,0.0012216195313555834,0.04949270091004556
primary,-0.0035599509536637197,0.045523221691565086,0.04538381277930371,0.00010871193858724338,0,-0.0035599509536637197,0.002072363713179382,0.00024220834469201568,0.002059690462386891,0.00023791365333231305,1.1818285591396574e-08,1.3651233292187964e-09,20752.52945298611,-0.0003515578756065561,0.030642919558372606
secondary,0.009220289939896356,0.2958063297050201,0.2956625964625544,0.0007223415350500503,0,0.009220289939896356,0.08750138469355503,0.02878975119926204,0.08741637094697928,0.021133258875972533,5.217772932584631e-07,1.261417569109963e-07,2570.249655584846,-0.02060581743025525,0.2150119125518379
