energy,mean,rms,stdev,stderr,median,m1,m2,m4,x1var,x2var,m1var,m2var,a,mu,sigma
primary,0.0036759892181238625,0.057301481403613054,0.05718344930411989,0.0001392650753217955,0,0.0036759892181238625,0.0032834597710486124,0.0005861621605705934,0.0032699468743168495,0.0005753810525024988,1.9394761204385373e-08,3.412709301934846e-09,17172.787020731757,0.003996946760918371,0.032966711005314536
total,-0.031996251622109596,0.11284126302491101,0.1082099372663703,0.00026339627785241967,0,-0.031996251622109596,0.012733150641057149,0.0013851517856559661,0.011709390523191797,0.001223018660408112,6.937759918650906e-08,7.246329196328352e-09,7949.852886565602,-0.002739594866654565,0.06810645059863267
secondary,-0.0833817259644625,0.367267153272692,0.3576767390371008,0.0009153031216502851,0,-0.0833817259644625,0.13488516187302702,0.05037741411546098,0.1279326496482143,0.03218340722194828,8.377798045027567e-07,2.107562743738794e-07,1709.0188535526238,-0.037352128790128204,0.39734919310586997
