energy,mean,rms,stdev,stderr,median,m1,m2,m4,x1var,x2var,m1var,m2var,a,mu,sigma
total,-0.00998872997756678,0.10333627607618659,0.1028523758924854,0.00025038356657732316,0,-0.00998872997756678,0.010678385953293852,0.0011353396761873335,0.010578611226729111,0.00102131174961983,6.269193041198081e-08,6.052590814030899e-09,8881.781705597181,0.005171920356168661,0.05826582524983175
primary,-0.0014642090051889892,0.0539841128341632,0.053964252338754654,0.0001314234708262482,0,-0.0014642090051889892,0.0029142844384916636,0.0004917778581400293,0.002912140530480787,0.0004832848043515946,1.7272128684017713e-08,2.866399215429668e-09,17474.20691189841,0.0015133003062777423,0.03306341684475024
secondary,0.0046083276745936845,0.34633319193179557,0.34630253124935356,0.0008726333239872398,0,0.0046083276745936845,0.11994667983366594,0.044566345775967096,0.11992544314970952,0.030179139772847134,7.61488918133019e-07,1.916280640057505e-07,1872.6174463570646,-0.02776580885557641,0.2797920842831863
