energy,mean,rms,stdev,stderr,median,m1,m2,m4,x1var,x2var,m1var,m2var,a,mu,sigma
total,-0.012533503688003045,0.12042461737455638,0.1197706130697807,0.00028596052661609517,0,-0.012533503688003045,0.014502088469808308,0.0020802006541180413,0.014344999755111122,0.0018698900841318943,8.177342278255448e-08,1.0659276055556774e-08,8260.79307479773,0.005394673929729521,0.059938539675783865
primary,-0.0004583519995751192,0.07152527445061334,0.07152380581792363,0.00017102759582026487,0,-0.0004583519995751192,0.0051158648852355606,0.001310430718526328,0.0051156547986800464,0.0012842586450023418,2.925043853205988e-08,7.343171115572566e-09,16716.901809359064,0.0014700459055125964,0.03432124362397911
secondary,0.010304182328711118,0.31335464601051916,0.3131851816464413,0.0007601585621478536,0,0.010304182328711118,0.09819113417637776,0.035382517339538226,0.09808495800291443,0.025741018508694806,5.778410396066921e-07,1.516462584931458e-07,2254.430736241925,-0.01286943112476098,0.234880802856857
