energy,mean,rms,stdev,stderr,median,m1,m2,m4,x1var,x2var,m1var,m2var,a,mu,sigma
primary,0.0028193214355657662,0.04940986274840976,0.04932936208243169,0.00011816286363799217,0,0.0028193214355657662,0.00244133453681669,0.0003184581080786959,0.0024333859634596494,0.0003124979937580419,1.3962462343130734e-08,1.793074150862264e-09,19972.546416782232,0.005988045557896965,0.03141118571269732
total,-0.014615224781943907,0.09177563304458096,0.09060442608011396,0.0002170813033418799,0,-0.014615224781943907,0.008422766820733582,0.0009872911055515512,0.008209162025306834,0.0009163481046351007,4.712429226060928e-08,5.2602513828036954e-09,9752.317698641022,0.003046164284257826,0.05994101806642641
secondary,-0.02652077982073149,0.3194100682492707,0.31830714716560177,0.0007903518349951031,0,-0.02652077982073149,0.10202279169900377,0.03593887263638904,0.10131943993670406,0.02553022261033073,6.246560230801267e-07,1.573992842250437e-07,2271.5890444407364,-0.05471879928028289,0.2443068169818491
