energy,mean,rms,stdev,stderr,median,m1,m2,m4,x1var,x2var,m1var,m2var,a,mu,sigma
primary,0.007596658287718112,0.07859366888751919,0.0782256707996847,0.0001905301905898452,0,0.007596658287718112,0.006176964789201001,0.0020451164284458357,0.006119255572060644,0.002006961534438807,3.630175352620274e-08,1.1906059830613197e-08,17017.185470038046,0.0037422617903475706,0.03288694262536237
total,-0.03887207344728526,0.1340128107836435,0.12825129769340152,0.0003115214635642331,0,-0.03887207344728526,0.017959433454132635,0.0026976990540520957,0.016448395360041494,0.0023751578040586774,9.70456222612018e-08,1.4013443987574633e-08,7255.411054640176,-0.0011142670011513333,0.07066258091961605
secondary,-0.05940220699139543,0.33587906149921826,0.3305845153030418,0.0008203216658426318,0,-0.05940220699139543,0.11281474395359564,0.03821649196038704,0.10928612175814706,0.025489325507071694,6.729276354508306e-07,1.5695013480914942e-07,1898.6164916758903,-0.08304066276077325,0.3038195208809625
