energy,mean,rms,stdev,stderr,median,m1,m2,m4,x1var,x2var,m1var,m2var,a,mu,sigma
primary,0.008061192208311772,0.06795372840557455,0.06747389409541474,0.00016078284988225075,0,0.008061192208311772,0.00461770920421859,0.0013626038189664639,0.004552726384399243,0.0013412805806717388,2.5851124816258378e-08,7.616010446703795e-09,19889.67717957327,0.007165792890361928,0.031232109043417212
total,-0.020537221153198518,0.10709063363359651,0.1051029322109988,0.00025015840368460457,0,-0.020537221153198518,0.011468403812045194,0.0014464958674632366,0.011046626359349809,0.001314971581467104,6.257922693402959e-08,7.4493245567937505e-09,8611.95812848104,0.003791392124208833,0.06756306331481592
secondary,-0.02263400632834698,0.29772205743291147,0.2968604474153035,0.0007168750982151907,0,-0.02263400632834698,0.08863842348208582,0.028859310116724844,0.08812612523961418,0.02100253999933526,5.139099064410394e-07,1.2247688567647077e-07,2489.448459202463,-0.04855451593119794,0.23718474999052683
