energy,mean,rms,stdev,stderr,median,m1,m2,m4,x1var,x2var,m1var,m2var,a,mu,sigma
total,-0.01232357201453721,0.09514865592425202,0.09434721138960184,0.00022447866066260052,0,-0.01232357201453721,0.009053266724191699,0.0009243897349608536,0.008901396296994215,0.0008424280965814969,5.039066909287495e-08,4.768972645753702e-09,9786.255749076314,0.002504198743028784,0.05847973025334481
primary,-0.0005644748977270393,0.05915904219369445,0.05915634912133402,0.00014088973912255152,0,-0.0005644748977270393,0.0034997922732753206,0.0007685816648822187,0.0034994736413651566,0.000756333118926141,1.984991859002062e-08,4.29011685076262e-09,19214.784790662925,0.0009328993510894527,0.03253885614919487
secondary,0.005460418955902501,0.2702115298073846,0.2701563522586007,0.0006488135747133247,0,0.005460418955902501,0.0730142708408471,0.023270773981588114,0.07298445466567313,0.01793969023516754,4.2095905473228295e-07,1.0347237748339274e-07,2950.599724903286,-0.01727510419270232,0.19408008148523542
