energy,mean,rms,stdev,stderr,median,m1,m2,m4,x1var,x2var,m1var,m2var,a,mu,sigma
primary,0.0037840902113549565,0.056526550455549364,0.05639974793982767,0.00013741533588411877,0,0.0037840902113549565,0.0031952509064037678,0.0005684910372986562,0.0031809315676760955,0.0005582814089437821,1.888297453614518e-08,3.3141277656565273e-09,17046.268226819488,0.004727839887909247,0.03388028533414286
total,-0.03155462218993692,0.11189527290303153,0.10735389101702017,0.0002614223286219826,0,-0.03155462218993692,0.012520552098043902,0.001347286339104712,0.011524857916494243,0.0011905221142648804,6.834163390213986e-08,7.059716230344784e-09,7909.103499584999,-0.0018110400415323538,0.07008346380873226
secondary,-0.08173018595462024,0.3679756504679559,0.35878441443454373,0.0009190687079635222,0,-0.08173018595462024,0.13540607933731524,0.05066344524447342,0.12872625604113844,0.03232863892297011,8.446872899577381e-07,2.1213691161140345e-07,1702.020183739335,-0.03714702842555649,0.397469050481928
