energy,mean,rms,stdev,stderr,median,m1,m2,m4,x1var,x2var,m1var,m2var,a,mu,sigma
primary,0.0074229670961175175,0.07756263648361755,0.07720661977952252,0.00018482840648609083,0,0.0074229670961175175,0.0060159625782898,0.001914484651333435,0.005960862137779757,0.0018782928455900517,3.4161539844187625e-08,1.0764445545049427e-08,17131.428610161347,0.0036244803491679717,0.03239412644794747
total,-0.03910046987501968,0.13400061865635293,0.1281691033589531,0.00030599627603541436,0,-0.03910046987501968,0.01795616580028532,0.002658203587952243,0.016427319055838,0.002335779697704907,9.36337209475415e-08,1.3313660230645422e-08,7249.008800788802,-0.002209223886810841,0.06986726759682771
secondary,-0.05987374692691763,0.3361550746555109,0.33077993990806565,0.0008059964644280062,0,-0.05987374692691763,0.1130002342166521,0.03821406918662628,0.10941536864558353,0.025445016253608045,6.496303006704462e-07,1.5107433045296418e-07,1906.4312347191676,-0.08505450886179695,0.30210539975823675
