energy,mean,rms,stdev,stderr,median,m1,m2,m4,x1var,x2var,m1var,m2var,a,mu,sigma
total,-0.010520095841079472,0.1203584582928042,0.11989781510150713,0.00028626380562749666,0,-0.010520095841079472,0.014486158482620687,0.002103203494610304,0.01437548606611519,0.001893354707026701,8.194696641233718e-08,1.0793003719649972e-08,8316.541134588702,0.00638357798930353,0.05911284162011866
primary,-0.0005137934569113673,0.07123585945926236,0.07123400655012614,0.00017033592643832867,0,-0.0005137934569113673,0.005074547672899779,0.0013259309930363319,0.005074283689183414,0.0013001799589517993,2.9014327835603716e-08,7.434319774971046e-09,16776.380852800157,0.0009927549730676985,0.03353286663825076
secondary,0.016279011620816818,0.31207237663908444,0.3116474964472134,0.0007558316940540932,0,0.016279011620816818,0.09738916826116657,0.03465877936056743,0.09712416204181588,0.025174129265965614,5.712815497366802e-07,1.4807351001021278e-07,2268.054025607273,-0.0051791993086726,0.23313147708707715
