energy,mean,rms,stdev,stderr,median,m1,m2,m4,x1var,x2var,m1var,m2var,a,mu,sigma
primary,0.008298587015208057,0.06786168776228627,0.06735237278297665,0.00016047062912075003,0,0.008298587015208057,0.004605208665946033,0.0013434075430701347,0.004536342119497053,0.0013221995962132303,2.5750822810409304e-08,7.505546677298781e-09,19920.884745514843,0.007454267776101481,0.031297138316078416
total,-0.02009665075191818,0.10729519790479985,0.10539631929999072,0.0002508358393946322,0,-0.02009665075191818,0.011512259493430169,0.0015238572405406776,0.011108384121985594,0.0013913251218966047,6.29186183248097e-08,7.88055700532295e-09,8678.537390669659,0.003260597329679806,0.0656666710962909
secondary,-0.022109741050825266,0.296912674472011,0.2960883240061786,0.000715128702343779,0,-0.022109741050825266,0.08815713626212236,0.028547725082046803,0.08766829561278781,0.020776044408108395,5.114090609158974e-07,1.2119612096973245e-07,2481.4890984727904,-0.0479671892519464,0.23942628068731744
