energy,mean,rms,stdev,stderr,median,m1,m2,m4,x1var,x2var,m1var,m2var,a,mu,sigma
total,-0.010575201564397953,0.12031238895279599,0.11984671896802691,0.00028613998253843037,0,-0.010575201564397953,0.014475070935528868,0.002071769447010697,0.014363236047401223,0.0018622417684221043,8.187608960709323e-08,1.0615509861302272e-08,8244.15715241531,0.006939948316399408,0.060191224287240594
primary,0.0008358977677022266,0.07089380408899303,0.07088887594771465,0.00016950800408800106,0,0.0008358977677022266,0.005025931458208525,0.0012437077433577397,0.005025232733130476,0.0012184477563351296,2.8732963449897783e-08,6.966764865948398e-09,16671.570093246708,0.0029169333097710747,0.03414294522260193
secondary,0.01496894944616955,0.31308049156079254,0.312722440429889,0.0007586864624895554,0,0.01496894944616955,0.09801939419594748,0.0352239485600082,0.09779532474842549,0.025616146921467655,5.756051483649155e-07,1.5077189106124683e-07,2261.0473845250467,-0.009692249218177377,0.23436181700670522
