energy,mean,rms,stdev,stderr,median,m1,m2,m4,x1var,x2var,m1var,m2var,a,mu,sigma
primary,0.0035428765711020866,0.057239761043427526,0.05713001198941428,0.00013920278208670939,0,0.0035428765711020866,0.003276390244308683,0.0005657190564124498,0.0032638382699106193,0.0005549843233794487,1.9377414540679902e-08,3.2949430726531773e-09,16988.379442278925,0.0046030130846525805,0.0337938530397476
total,-0.03173995157594622,0.11212504799062747,0.10753883884837656,0.00026188270970820205,0,-0.03173995157594622,0.012572026386900513,0.0013581681602776543,0.011564601860857103,0.0012001123128047315,6.858255364411042e-08,7.117129328115737e-09,7921.446885285324,-0.002351618646647523,0.06926386921509876
secondary,-0.08169275524480017,0.3672690506929628,0.35806821883186346,0.000917099827429588,0,-0.08169275524480017,0.13488655559691007,0.050367561836128734,0.12821284933742325,0.03217317895533042,8.410720934713799e-07,2.1105500047326958e-07,1702.9268604215006,-0.042498118553177366,0.3921557892101577
