energy,mean,rms,stdev,stderr,median,m1,m2,m4,x1var,x2var,m1var,m2var,a,mu,sigma
total,-0.010090758878815088,0.09480750504308376,0.09426897473582688,0.0002243453687530351,0,-0.010090758878815088,0.008988463012494353,0.0009210305348863472,0.008886639597743967,0.0008402380675593681,5.033084448093531e-08,4.75881699039851e-09,9858.62337480251,0.005467673627994154,0.05851064239396007
primary,-0.0010043052114435582,0.05888532395869304,0.05887675898656868,0.00014026168045402944,0,-0.0010043052114435582,0.0034674813777202285,0.000761165388961085,0.003466472748762496,0.0007491419618562484,1.9673339003788265e-08,4.251619685405688e-09,19310.020409845965,0.0008772049333620884,0.03232112528892178
secondary,0.017433277163022013,0.2720350579561783,0.27147588033668585,0.0006527381516430125,0,0.017433277163022013,0.07400307275722132,0.023967489057621253,0.07369915360457857,0.01849103428011066,4.260670946103364e-07,1.0689975212384847e-07,2937.942724148384,-0.011035480193013042,0.19391205108485518
