energy,mean,rms,stdev,stderr,median,m1,m2,m4,x1var,x2var,m1var,m2var,a,mu,sigma
primary,0.003444803903257467,0.056446697713160486,0.05634148568141436,0.0001371684411385725,0,0.003444803903257467,0.003186229682720917,0.0005409792235758533,0.0031743630087890193,0.0005308271639848014,1.8815181244386024e-08,3.1463349567028916e-09,17089.61867280106,0.004245127539028542,0.03315839269436221
total,-0.031832568039198254,0.11175279809059217,0.10712317906553408,0.00026064503190684993,0,-0.031832568039198254,0.012488687881076663,0.0013083278001671458,0.011475375493106477,0.0011523604751761947,6.793583265772281e-08,6.822135663444952e-09,7896.900960949988,-0.002271244031591509,0.06918868144344563
secondary,-0.08208710911026706,0.3669917894675747,0.35769355607074027,0.0009153673109643087,0,-0.08208710911026706,0.13468297353661268,0.050186140081477815,0.1279446800545318,0.0320466367208139,8.378973139820295e-07,2.0987031910262493e-07,1724.0746361033116,-0.027006262179829377,0.40101788276685224
