energy,mean,rms,stdev,stderr,median,m1,m2,m4,x1var,x2var,m1var,m2var,a,mu,sigma
total,-0.009170415593183892,0.08126126188578639,0.08074215851163907,0.00019353454273213268,0,-0.009170415593183892,0.006603392683270361,0.0004682198179611987,0.0065192961611186505,0.00042461502303173015,3.745561923053569e-08,2.439560687102242e-09,11111.108633649468,0.002468382889751438,0.05152204062848813
primary,-0.0020150122204587095,0.0457336748413285,0.045689262855114716,0.00010954696786916638,0,-0.0020150122204587095,0.0020915690144923636,0.0002887362597714111,0.0020875087402437657,0.0002843615988290265,1.2000538169328169e-08,1.6347199678025916e-09,20527.15406627832,0.0012305439440138187,0.031180397344011616
secondary,0.006279515560101956,0.2975352922998431,0.29746901998070907,0.0007270648203545917,0,0.006279515560101956,0.08852725016395306,0.029213386264042174,0.0884878178482835,0.021376312242451047,5.286232529972546e-07,1.2770137166297757e-07,2558.7576408574764,-0.022025484826000263,0.2161169449195478
