energy,mean,rms,stdev,stderr,median,m1,m2,m4,x1var,x2var,m1var,m2var,a,mu,sigma
primary,0.0029237564347240025,0.049407807959630366,0.04932122398811818,0.00011826114310366436,0,0.0029237564347240025,0.002441131487375714,0.0003228533728755857,0.002432583135686124,0.00031689424993692854,1.3985697968185381e-08,1.8219263310902074e-09,20027.606018567174,0.005671591886349617,0.031225126702319795
total,-0.014692699884003683,0.09148963782952105,0.09030215058510803,0.00021657222493141792,0,-0.014692699884003683,0.008370353830176928,0.0009713000970362039,0.008154478400295526,0.0009012372737938463,4.6903528611744674e-08,5.1838028359764236e-09,9753.298368635564,0.003176344122626813,0.06027752964072982
secondary,-0.026391668256563784,0.320824494059565,0.319737135527313,0.000794202366097642,0,-0.026391668256563784,0.10292835598857585,0.036419470576483585,0.10223183583521132,0.025825224109972587,6.30757398315093e-07,1.593383415002708e-07,2268.9998496548665,-0.056793633393933424,0.24453160739425886
