energy,mean,rms,stdev,stderr,median,m1,m2,m4,x1var,x2var,m1var,m2var,a,mu,sigma
primary,0.0029142281326468666,0.05004941039524973,0.04996449494694229,0.00011978047392939564,0,0.0029142281326468666,0.0025049434809121317,0.0003398806215223071,0.0024964507553030214,0.00033360587967974295,1.4347361934750629e-08,1.917267660561231e-09,19904.431259020825,0.005483807178673668,0.030722668800703675
total,-0.014463785340768726,0.09209659117126702,0.09095373009934041,0.00021808642968440883,0,-0.014463785340768726,0.008481782105367498,0.0010357058058711056,0.008272581018983661,0.0009637651781881733,4.7561690812492604e-08,5.540991537664537e-09,9627.391780178375,0.0029147119063246407,0.06188255870066716
secondary,-0.026355569044603323,0.32116961420391543,0.32008640250442855,0.0007953119519310765,0,-0.026355569044603323,0.1031499210878919,0.03641278482096698,0.10245530506822705,0.025772878600528654,6.32521100884419e-07,1.591122054100675e-07,2244.1854419379756,-0.05487076544722091,0.2479554019248353
